individual,0,1,2,3,4,5,6,7,8,9,10,11,12,13,14,15,16,17,18,19,20,21,22,23,24,25,26,27,28,29,30,31,32,33,34,35,36
H223,18.340243118961354,20.825834646720654,-17.729945405679853,13.418950637092628,-15.67838930007656,-6.000955473087831,0.4299734774761269,-4.139988160277103,-2.0143327081884186,12.123222352333721,-2.7996469570477944,-0.08952517182560897,-1.7142886656483147,-2.3355431877592103,-9.981468506061853,2.6337312023991806,-4.324750942659249,0.2165719342330754,4.938210669155874,-0.7103395945636829,7.658723852862607,3.735213348523777,-15.925786611159545,5.359886443864295,11.776821320631031,-10.279927197222738,-4.579898570373834,-4.985611379401135,-4.87278011605742,5.812024123211459,-0.6361670450343705,-3.930840537211388,4.8807250546289636,3.4940701577099884,-0.7646470022022422,1.34560688580242,1.0291596009024475
H224,12.314262822018845,25.987809673830334,-11.261078098710936,3.0465974736579735,-10.571136628599087,5.61467157257132,-9.683803098707926,-0.8153378191666432,-6.02672879996996,-2.559905993837181,-6.485219623294435,3.8315878529288354,1.454950466506732,6.715364588456439,-2.0424842450597174,3.703164981281507,0.4184334280897994,5.304480108541318,4.6704225611803585,4.2270192412349425,-13.340024671948049,8.796459418821033,2.8708050038054655,5.106965443181988,-12.915200969657523,-5.403797052431695,18.092744077904083,3.608845595335392,-2.125249142278844,6.346523309176375,-3.4151123322046435,4.139697326986172,-2.027610879873351,-2.22434445370858,0.8641550215530243,-1.2132493714005117,2.5525457879170435
H225,8.012761023737454,20.28483012781881,-2.970113680536211,3.4151628495734436,-15.405131874835451,1.2957380666327512,-4.241398551841371,0.08505046297149434,4.487703249640572,-1.0604701139548014,3.856402766142855,2.4000411640732016,0.4815441070166825,-0.12313350052711443,-12.669283867175743,7.303385903837851,-2.5741534343888035,-3.8508712876163997,4.234066296181827,1.0362089965635033,4.707511068542019,2.302578615587773,0.13068754169366836,-5.737937836667432,3.293192859633523,22.51443539081068,5.722001925924193,2.9175857367617217,4.624248520716758,-10.47341557446658,8.213298078937392,2.263297070300291,-2.027168933186385,-0.300218581882151,-0.7984410595063283,-0.7450235851770592,-4.643566192701479
H226,34.803788870874044,-15.93925778565419,-19.75102595469951,5.664298586072249,-13.279414063407895,-12.1607395306421,-0.7283348810207402,1.7923858902701784,-2.607774835135808,-11.773831044685336,5.525823178396319,-0.41555834312268747,-5.399209944112316,-3.3569922947481006,19.99048089476676,4.595305363638101,8.236597621834786,-16.101821825943887,-0.9070588243900428,12.805916632449776,-1.9406606270472833,-1.0851684372499897,-5.727398623871609,-3.548628526331906,-0.154115752125089,2.821962138156927,-0.8242967925795407,1.0615558780690044,-4.413658365788784,0.9949302900507061,-1.1235793523066422,0.7539554114632142,-0.8239611257544599,0.9427860056446298,0.06192189272351648,-0.29179097704348594,0.276576883523004
H227,-23.29179868872664,-8.902903494079489,-9.867071715874841,-4.734553952291759,-8.01448738665152,-5.263029523042637,2.5708343618050593,-0.9566688375564608,0.5982992618749069,4.672325603151104,6.731881870221885,4.416427415802696,-3.0621088843934348,3.876923564643808,-2.1443199270640507,-7.0609756886836665,0.9242029788765732,4.6349072812001655,-2.6413696668644757,2.114492423385642,1.9617573867557003,2.4017947458687514,-4.320063338298491,3.380178971613953,-5.867931718943774,-1.7681790185768516,-4.948168184593043,4.874705005062532,2.8354814357405633,-4.22601130048807,-3.508090279608874,-0.6830984458794046,-11.270986218515082,-11.714913708606737,-0.39190177502074425,17.234807538871916,-6.589786539447661
H228,-23.88774075328109,-6.2864000652595315,-11.755054074149685,-16.008707617064122,-8.934158150940013,2.8105099279853167,-0.2227415219853836,-5.384043585378903,-3.8504676628292587,1.4414851029012086,-6.346151424159694,2.5774989612506327,-5.9149706965432935,2.592381852423055,-3.9281186207386214,-8.301854002185799,4.206330364464247,2.7073903636171157,-4.2509658281872795,4.970298937235272,-2.426295420467838,-5.340804898171975,2.379645221462138,-5.468689791633446,4.102573148921404,-3.97647400401409,3.8488848498496275,0.42472260851300075,6.201470625771084,-2.3838498449859875,-0.7736004602946775,-7.9964269822717595,-10.4535364036151,16.81180699831535,-10.008090796024028,-2.371932255523862,-3.537132152914831
H229,-23.715461370871807,-7.875956724930887,-11.356399215075974,-15.486062109066363,-9.624850574286022,1.7976994123718477,4.847362637167414,-5.175922810763713,2.6525323298336354,0.1602247618364917,2.4558766706725326,6.603710292007906,-5.418947563978787,1.8558489288630367,-9.303755616814076,-7.366867109344477,3.4627814936845582,3.349123631143682,3.439032219647731,4.152466238482737,0.4777547931550352,-11.740678468048438,3.9575558314616677,-9.279355002596688,-5.06719362445502,-0.9517751530872841,-4.620035066306315,1.5473364132957892,-9.962353272024128,8.913645339377936,9.592273864328472,9.43961867820877,11.85625584689066,-4.031997829195806,2.718692913954855,-3.174498966908106,-0.025103626536744836
H230,23.657127186825566,-14.993233876024515,-9.753624236559311,-2.843456268840527,-8.226118652612323,5.877917224959765,-14.418429964472015,-3.920629794625563,-8.128074258585889,-0.09715786437180696,7.961308359019075,2.430413932273997,-3.6585083408794694,-1.0030627491006654,4.2403815916403484,-3.9272900433929396,-9.830619577537533,-4.416210127524732,5.279672814610584,-4.984702326567727,1.0826126890304955,5.231725887202191,19.621164097199912,8.190776508952325,6.887732667587883,-4.7761951454053015,-3.3290369505064756,-12.37873004864783,7.358403112826866,-0.4713114665152069,6.883951091114483,4.573217383297284,0.045567204900334286,-1.7649567540438207,0.7871561235151665,1.641835860117934,-0.3105314755260744
H231,-17.81622492140495,-7.651454233068316,-6.747981580010892,16.242847941483944,0.8897724279879903,0.6153106152916801,-0.14195532506300299,0.8985539277528302,1.9267542121920955,0.6842494409242136,9.414343710130765,4.775197066081469,0.35156956729905925,3.9334301388585575,0.5226384130661523,-3.4318824069702014,-3.007379759771105,5.9023732766157035,0.5906503017008999,5.573335992066143,-1.200897235723291,1.0002318978194067,-3.6341652035990015,1.9299850455924015,-3.240058751266551,-2.0695574360733335,-2.930387570199309,4.179056126840788,10.338344224127212,-9.097662630165567,-3.9374189728882625,-4.228245610593911,7.447885589551567,-3.870813075354764,8.062849033445374,-7.664635447690599,5.0122279015774795
H232,-27.544043074682094,-7.143208080440518,-2.3460101293211375,4.223807652573021,-0.9673814194632638,2.819209317622033,-6.954204056496596,2.0518037290164792,4.703955130571637,-2.6338100818347243,-6.097157036931832,-2.236956253045323,-1.553540063053042,-3.1704380883584107,-2.2591500959391815,-7.427331695383253,1.7594197242393417,-3.1816571716764175,1.1976029806083506,3.536229548737732,5.641166761354996,1.3112099394212353,0.1560818992285917,0.5081919867372596,-4.345225822388106,-1.1631521128081337,-1.0870140580132561,1.646184225512454,5.873196845423708,-2.56037929946616,-3.051579771648289,-0.24651654500840198,3.665591359907815,2.4961371971138635,2.66389156662456,-5.6305763042858095,3.3072335295059094
H233,-25.946300160855674,-9.472874780343053,-4.328308031074923,7.231698453835339,-0.5158883984916556,4.81100453119144,-3.9100396781275726,1.3325384461145189,3.310536900999451,-2.3649425259091936,3.2190684967879064,2.4219908488192834,-2.0817892382712944,0.6092691344658311,-3.6535598226349597,-4.890461182355445,1.5822459840180598,0.2961287708048161,2.779133205182129,3.2227756015542037,2.5583741121768058,-2.4975908475123547,1.436634176961439,3.1128131821979146,-3.06159437020624,4.067919997714102,-2.2960211373533213,-1.8815777331178893,4.9108392133763,0.7035614248745913,-10.65988423862322,-6.9483473740062776,2.0536809387513335,-0.17136596420187825,2.769416372708512,-4.373569637648139,4.322534299695611
H234,41.328662983450144,-7.22784194023347,-7.222937652188271,3.4195633837610746,-17.43230840147924,15.415785692431507,-2.615775492180404,-9.83902456196004,17.297757451790066,-6.55833454105809,3.5585229732048522,-4.90997116694699,20.143602483377062,1.9324221774188675,5.212483148091279,-4.945304952999865,0.35795967079265095,3.623540299772235,-8.107572027935863,-16.050430956833853,3.0453519091643058,-3.6123413825956447,-0.37790428874474913,-4.209332676828036,-3.111427468353716,-3.235726929590259,0.023175482292676863,2.7884178033173335,-4.711781608555538,-2.4472699667654427,-2.6273684135977913,-2.176376059183511,-0.519886233032993,1.019990702656693,-1.2301356417259497,-0.5136863089294732,0.14113694883910224
H235,2.3498087905970637,10.563307200646834,15.753553741630101,8.932552466054876,-7.1745784717508405,-8.889737018811362,6.169303357702707,-5.598158027238589,-4.356161507456584,6.8066766641231276,-5.111951807000727,1.9780306335441378,5.242263140611675,2.8239021002237568,-1.2816777175178937,3.8181480532802,-1.9159194193474485,-7.488450719470258,-2.7952315984807723,1.604868778977101,4.146292449440504,-0.6412869157431575,5.083271045758519,-7.2026600997783,-1.1944694790463768,-6.211460855093159,-8.256629535482245,3.001267233748212,5.584622914657653,4.068374958951338,-2.7788187853758473,7.035102330384569,-12.210140538465328,-8.729114776609556,-7.2667300763099,-15.30157922440672,3.423162298564329
H236,3.315003020270723,17.385331538058775,16.77593266454737,3.985549074391141,-4.258832431029085,0.3597332019854306,1.619563806971427,-6.199607365550225,-8.121943861442963,-1.8443357840376264,-9.039100096693161,2.874823484695648,2.956340539843218,7.477033544244762,2.914293608911965,4.909944436874921,-0.12515654868009995,-3.4882543563691217,0.043526079880586065,4.307632652872374,-1.3433085245393075,1.5040281975952023,10.696852628853911,-7.926042867048516,-1.3741274353070545,-4.042660014510773,-9.523116877320755,4.545675303934993,1.35269201379881,-1.1836979584201393,-7.483204722668677,-4.548132655811538,13.211199957161716,3.815349670178398,0.7207229950844808,12.241699582410849,-6.1868866821560875
H237,-4.923927555547099,11.216035404453434,12.754996068217197,0.9889314013580027,-10.705275422425611,-2.4641030785327946,-5.260747610712897,0.7338807310560566,3.4435167368934008,-1.5910325525544473,-0.21176033370383768,-0.6504246109038371,-0.9175299831608614,-0.3506627298122448,-3.038198937367007,7.995585984950909,0.30077660241018145,-0.16901832434682867,0.6690837097300492,0.40753639566072336,-1.9667484400419377,0.9300573874847022,4.106015959898161,-1.2054448653569032,0.5913735872727983,4.235739574788126,-5.624375440368015,0.5673375529835852,-3.930107861081882,-4.850373528015068,-2.5388822211576296,-3.7219530057029466,1.9054828283618073,2.8718268881579223,0.4523638275625859,3.589923061033527,4.198053808717941
H238,19.553325074326956,-14.326095583350789,9.38657249301339,5.122342075656914,-9.422112088106156,-15.370220717407411,1.7287756787805768,0.9140284782756167,-3.7780441992536318,-8.094706462861549,1.0461703379023561,-2.554443178237739,-17.311222589748375,-10.793300840711183,0.5223354728218258,10.376033753871692,6.287758118285492,16.257474692362816,-2.123479666910181,-13.43167638544268,6.049666691329301,-3.034647237036986,3.216486501325831,1.1647206817523819,-1.3117279469395964,-0.9548165006948865,4.3829607526246335,7.090204042599687,7.158261550255392,6.308856060653158,-0.7969416773033438,-1.108414931219313,2.8602023355157558,-0.05599855185585938,-1.7954661992810994,-0.4677485389644672,-0.3921710574709511
H239,-22.85431583168311,-6.958393059572139,6.5841040423668264,0.637471882956572,-2.8046459051766766,-8.193360174750982,4.064197461782571,-1.2082681083722036,-1.3539097653686039,4.73934132846132,3.557174500676426,2.569838666661732,0.5088245068848515,4.155030530392617,0.9758364644786559,2.2308978989196806,2.12218506988432,-0.43747860228006635,-2.834576654128554,-4.704277180213826,-0.7145678667634693,3.0161528882750983,-2.1396119293204485,2.469229604823294,-1.6682436884748544,-1.1882026473105456,-0.3572184078332352,-0.34190051950243394,-4.6494030942798386,-1.8470211593551837,2.666945403031552,1.928735291215356,-5.255716203023252,-4.644382068816238,5.7766279167330215,0.9726935009572949,-0.8143442479305999
H240,-23.615057904833453,-3.774766504009056,6.063003685700703,-8.649854818386679,-3.4252721402543878,-2.1606845118668683,2.1093799496169297,-3.5768428027623704,-4.103713736627361,0.36226339183676826,-5.496848642912314,0.3777358739463279,-1.8053797500593383,3.3899580013959927,1.3191301118669592,3.879732139844803,3.7948969755227244,-3.7426833167978377,-4.176216022979006,-6.193922504392874,-2.8313307557739327,3.762861546307508,-0.0077132498499390065,-0.2661939188948627,4.9185549800076,-3.104064209382588,2.5490396303787364,-2.311524514270101,-5.135544937779405,-2.796740690377784,3.7456187693925633,-7.377894013758693,-4.940385764760657,3.692546866013071,19.389691343928938,-6.359925391897053,-1.3755286605516255
H241,-25.9718207005164,-6.497951025104696,9.03583191203901,-7.529416771433777,-4.385725412253007,-4.415052924887052,2.0315851650551378,0.2808783564284649,0.7442215992711309,-0.06531020307596318,2.8438942400746883,0.4748468263836506,0.8394855669772999,3.1780698955859714,-2.002536691804193,4.336489264158515,1.9591375087157643,-3.3703167249032706,0.5026913565125404,-4.764008354047457,-3.5807609613604297,-0.46288778988014095,0.3897734807701407,0.9329019040176603,-0.19861066877648592,0.33816519877935813,0.712747553920922,-3.7597388868611654,-5.891132951346875,-0.3026630798171134,1.999914338678754,-2.366539495772572,-1.960366500690098,-0.4330107697726047,7.100820441708243,-0.2719517068050257,2.256539284467067
H242,24.7272669220509,-10.423924018808576,19.176046192504582,0.15890961213363775,1.605825235647852,3.682155848211337,-3.9437009651409984,-12.883346627764325,-16.678063662934456,-2.480621304180637,-0.025783448877599677,-2.8987247250263852,-7.252777370988869,-4.047444354180088,0.8751186585211901,-9.164802102189602,-12.597368968143817,-0.39931929941013,6.572946323504314,-5.352081413426239,-5.772088298581645,0.5925023359914074,-15.088487704905729,-10.984679832210979,-11.538463155536338,4.044294314528705,-0.4981022602780296,-9.25147351350078,-0.11494788645893886,-1.8812911377012578,0.1484354358184286,-1.9980142145975295,-0.5472607440724157,0.15308645341671515,-1.3729013009126503,0.23370214369603806,0.26594609936705454
H243,-15.993991137233996,-7.349841984201106,4.569375798441793,21.818595676070025,7.865860756255446,1.56036900333537,8.41587622076801,-4.986691243826892,-4.447425132217162,0.5389459583224981,7.783577332499011,9.527944326529362,2.023868772862178,9.033099799379007,2.145021605387036,2.287572939184773,1.2740655578186981,1.3386014988809882,-2.7955605737407554,-3.8139457715624325,-5.241849578349392,-5.86669753100319,-4.972051041136067,2.110903409432035,4.766040557156501,-1.4662820397696814,2.7069648768429038,1.5276326708606265,3.949816966553111,-4.074578187012218,2.5935833129236685,17.703293955761957,0.30371718130783004,14.010658637785102,-0.32024082234083195,5.249112020208818,4.60476500012712
H244,-19.900302156367886,-1.4577878159599953,3.148568324328862,14.474304170892411,7.975968683392117,6.672884614249996,3.6026484076449896,-4.711040107834455,0.49841901333130173,-4.848925666077315,-13.650765779250246,4.126751303925974,-3.016749964489049,-1.2415052095034127,-0.19890985907824227,-9.289410563048724,9.705807852080865,-14.26049815755043,-0.002359635197308505,-7.304196991246398,6.640544600184304,5.645571426512988,-0.6492138307533489,6.358495558094949,-2.5916864850410644,-0.667933755614458,5.281860424735267,4.823933032700406,0.9010780785324651,0.38927550111167547,12.87697855434631,-6.2219622486066175,4.085043118048212,-4.774505511204363,-7.199190361446593,4.0393282913645,3.994293804535263
H245,-18.397963827292045,-5.654484589879203,3.7872816580025264,16.57761991690455,6.944091618272618,7.113587920376411,5.432786404071158,-4.95517084976398,0.21359145217221492,-4.610037547131857,0.33133346574788397,6.617219501833516,-2.9922323895737057,2.8963305468288705,-3.38755716584951,0.09804985602331687,5.25820950560013,-3.9115913813133907,2.725284297040352,-4.697308362106853,-2.0891546500546117,-4.775643269191271,3.1134968259326996,6.745124505242446,4.007100582816118,8.333011665718354,1.4414541669625285,-8.232919032925185,-8.747849798575011,6.96614523881761,-11.285297216189681,-0.9510078990963816,-2.4755583522724542,-2.7922373182979827,-4.409999712073803,-2.5343942609913053,-11.355759045376171
H246,31.822020490111253,-9.039093661898281,27.252930536882733,1.4020606128636286,-6.782429991850889,1.7554041040886978,10.019982424742455,-11.422198008275391,11.743458493095623,-5.272687369964038,-3.822748525168085,-6.958785863751894,0.5581321150815143,-6.792419015119098,-2.0332255089956526,-6.76032478117324,4.481352153019613,10.675065473038885,2.0925272456754778,18.422097368471942,-4.874907046159965,3.0987484480668623,1.1295872677097238,11.53483333710489,5.909126315960418,-0.8540478647129536,-0.7680890873439458,-3.143508825378623,-4.390679743141707,-4.856470753831422,3.9467591213846873,2.4110780811856407,-1.960724223224917,-0.921000039315677,-0.8620265033051219,-0.42286452547583986,1.0121654162359224
H247,11.8106969116338,20.363080433102592,-0.18344422882476383,5.893057040404953,1.161803697089672,-7.086882847423335,9.483296958990989,4.6867548977320395,-10.2986707837666,10.188680193546546,2.9951415980333094,-11.23918761540787,2.463831102999518,-4.716453789909306,-0.6147249178789133,-3.0683992759950396,0.01737310999214076,-2.9844646241128947,-10.672506044857368,4.653628022196468,10.901835020571951,-15.134300475047418,6.718968084109188,3.3490597854651294,-9.41759255237471,-1.693647924148524,11.677672712859028,-10.448736797946832,-2.3001494766172943,-6.890828146920335,-0.8276560380975677,-0.7138750601712873,1.9000583461495055,0.06970903421267796,2.489497890650677,3.09502155354683,0.7991388487618538
H248,6.254342929385664,24.308374795708474,-0.8023160585148885,-3.4601335094865693,0.13177888392637693,6.758995590971072,-8.387932077451348,10.945544590580425,-13.252201484822272,-4.87718289574838,1.3065616041202244,-8.591125848070874,0.9663371389107458,8.683256493102352,2.393744088275816,-0.5638412722928833,3.0535924786838082,4.021733608077576,-7.107209567984371,-1.9690459844697459,-7.443055290468984,-8.02576804018279,-4.871148231148828,14.334750434858087,-3.933959790801014,6.257143608920575,-15.639389401345541,2.9500186121449246,0.9025853090725797,3.1294974240395033,9.692283762981942,-3.116628907176803,-0.35094916686684724,0.9637227868883577,-3.515639643295993,-4.52251625090492,-0.7384338138260558
H249,9.929889109707991,25.69925827616146,5.415376349429001,-6.693030832912977,7.112862036245483,7.098820994031812,9.549327179847882,10.823403560154,-3.60066580755693,-11.18504371438895,21.22442893806724,-11.924905243400035,-3.606130624792638,0.7917780963735228,-8.663113991916212,-8.60904325684071,11.813166838800818,-4.59824474066249,1.4674861583502927,-2.8056520698280583,-0.13225332301183929,11.236750650718946,-0.13252891834587954,-8.412883787582405,5.665890841375746,-7.27536122397586,0.739042904015331,-0.06127605991498805,1.8522942170245056,1.5531300521947407,-3.714717626446069,2.7630910452203277,-0.3922445428485729,-0.10171527409005163,0.006178068280835205,0.11967829992499594,0.11360663156840446
H250,37.18290134147465,-20.862430972042148,-1.3554124066073907,-3.1313499960075726,0.8161579036282334,-8.684291304043352,6.468276658593204,25.0344279381108,-12.19935915768945,-5.849879439745498,-8.795167750906991,17.11955411635944,18.44801836723619,-9.704146636909762,-9.199062596329156,-2.891385272969607,3.904259548723029,3.031361441318236,0.46357488392136137,-0.9169856831862182,-3.836580712588881,1.3223150059570508,-0.954188714974344,-1.8136124214760163,0.9703748475256464,-0.3259512742381032,-1.4845384945229632,-4.535368431175661,0.9643434170268865,-2.352354736338726,0.2313795463483207,-0.8446555166316126,0.9865826660364448,-0.45398331710445533,-0.21820608705984687,0.39913605460638246,-0.5134800088141358
H251,-17.08547912692805,-3.9045592324504814,-9.142571264481955,-5.7321765529130495,3.203111381102314,-1.4735840764874992,17.845596804356422,-4.102281532948102,-4.369090548901856,5.835811074482007,1.9338172171634938,-1.2870031288747201,4.883734013146296,-2.32301164651873,6.638356262535902,-1.622183084476217,-5.332917739739512,6.432023260310847,-9.94101659278287,1.9533985191679297,7.12602126544937,20.35910120780076,3.173960676636906,1.6409112683921296,-5.890980151603406,12.595477569865656,-2.5809829808354414,-1.2735929390846978,-2.4708869223191594,8.44128952023637,-0.7601990543709154,1.2401556522163433,4.144821688879868,8.270975998937889,-1.6127957119258198,-3.088197952269624,0.66092492288521
H252,-16.626823688072186,0.3102457575583075,-10.758034436982406,-13.479884179814052,0.684773404774437,10.35228338047856,6.560157701425131,-5.936522185379859,-9.795255726137105,-2.3650027557057696,-11.605203815417513,-6.944307111796754,0.2129777183261548,-2.2285349216236945,4.44713556232418,1.3916880786918413,-2.8969691577867382,1.6489619508625082,-9.584297961010176,-1.1607794388334907,-5.221722941992048,-2.448121362799039,-5.391589436232273,-1.0139581931388721,15.450801435873872,3.089152313518383,5.919001300377538,0.6900198905954855,6.18918042344983,-4.2840715945722945,-6.25012979295999,6.045216982396074,8.09052467066767,-13.246145027916741,-0.17763962329736385,-2.1108963986727156,-2.858055473536527
H253,-16.860000421040493,-0.5384985886514132,-8.186161799706863,-16.6982344297346,5.4606719804354285,9.444712692357713,22.860699193348566,-5.630760014898613,-2.109160764247399,-5.425484783517442,2.759646070468851,-4.089833728920191,7.7699465340219485,-8.077056885583552,1.6073942358668645,13.907585607677344,-5.168292242638757,-4.372677714440436,19.85075800010426,-1.242930723838229,2.793290079423848,-5.08622602760238,-1.1090753072508368,8.027460881192392,-6.487002123229034,-5.213008284199952,-1.711085561938556,5.361453405042025,3.7730701379929807,-3.010120336579952,0.6515960208185664,-1.5362601673477787,-2.260340277956045,2.6280031474009404,-0.9885113259406964,-0.4637365319220937,-2.461412688834759
H254,12.938941329039249,-17.41468044267799,14.415093965800487,-7.91925268204254,0.6941042370168965,1.302257383362404,-11.387635906523837,8.59390349377672,-9.674515161825509,6.911028505751595,5.11746392774851,-0.979868787240527,-0.34778569190734765,-0.5517028237652569,-0.8242781639029283,-7.922714185624748,-11.339471006421567,-5.839803107289752,2.195799687438695,0.5848775692358257,6.018032185610456,-1.3936344410470825,0.8540374115519931,6.6367686845945695,5.941590374881268,0.8765431754425438,5.678056862927644,20.54141191021556,-12.075477998386816,-0.6951390249129962,-6.502273635797796,2.0769195461578125,0.9483508984864374,2.8237432467480406,-1.3257552772880254,-2.1788485427431565,-0.39615025990896197
H255,-10.089509575173947,-2.940369829734561,-3.9826501159087466,18.830490589639812,11.222129490587177,5.59193557451316,5.143088439127742,2.0729177680270676,-4.1762943731300375,1.1723554671774123,7.500741081516943,-0.37213055137729545,2.592858002409558,-0.6987155160998282,4.575880212543016,3.3634506613881694,-8.562514811674303,8.082505213910963,-0.26872160695829783,6.279734105405941,-4.465442602689887,-1.6550849234661367,5.320396891772698,-11.489519189986542,7.52348426458161,-3.2690998122783568,4.609505917557847,5.287543670376403,-4.424985080646413,2.4725195198735994,12.64157557586145,-13.735369082549635,-2.6881762306592867,-4.765349655359661,-2.5152126034906916,0.8197557604954732,1.9421105391804576
H256,-18.332710974021126,0.6547118040897042,-6.595558894151834,8.77323562323146,6.075051498801603,10.781670687483965,-7.3075288687549484,5.531246203004808,1.0663963857535836,-5.004383419699244,-14.472214679401201,-9.733429110989828,-0.5332735086554856,-10.499320310501917,-0.9919842366695762,0.5730632690124298,-3.3148389666870726,1.4296531406075386,-1.8899342790442368,2.589962162902138,4.858212615806397,1.1286453964527046,-0.27377610914096445,-5.631969005544937,-0.639485411542097,-0.267597031087567,-5.559407604944269,2.8262906359766578,-0.7382334378990463,4.077095364688853,1.8191870147824851,10.742145040778244,-9.282381573381665,1.9529580496444179,8.261522487685882,8.0220567155679,2.943541581373493
H257,-18.22644703622467,-3.9862945009144988,-6.389499289248659,10.126123267324083,4.52980475942908,9.685379180872623,-5.123324604592798,6.690912772237153,0.8399811635516317,-2.972675687521176,0.5793481194038369,-4.0505709005669255,-0.2606398060906439,-3.641007754379666,-2.2055779518929257,4.557376131926937,-3.2825090675857416,3.755752675657856,1.7414550064723033,1.4143067438001,-0.9078561194508248,-4.597275794100753,3.0477417954329384,-1.7285033235675864,2.647212364707768,4.80850216257861,-2.640931682366976,-4.935798434180801,-4.3518366043949355,7.205178873818395,-7.262574456358561,-2.240119912408001,-6.140534684398355,-0.4296730442995441,0.23851048551877968,2.792314606926918,3.961386841159015
H258,58.18702372527009,-15.527153917906345,2.6078330229964517,-3.3512544723206843,-0.0317908774408017,25.565510915943896,12.978195030242476,17.551494214246112,10.523001478389206,19.050621128575305,-6.319371880316295,1.6968170870220298,-15.16045481766954,9.363836964497,3.2466743497082584,6.057285890074891,2.527068186068479,-1.4684393967899159,0.3873544453323289,-0.7029889776384606,-0.5208826326983161,1.2341181805591195,-0.7925991816649918,-2.462956696662413,-3.1382430607337217,0.05787011384164012,-1.1239149043829002,-1.5966215401222394,1.6820132883325953,-1.781669223972529,-0.19225707604429615,0.03873823117410267,-0.006655726300620558,-0.4996549783590273,0.3841312630899249,-0.36206572893576167,0.5951909332921286
H259,15.852043478223214,24.51442686155265,-7.666813725801503,2.231479329307574,6.55721597523103,-14.741172470145234,4.2854632219853235,-2.3888915494558627,8.626513558764234,17.070848375907307,-2.5907504187665804,-1.777174737031251,0.4483661210726267,-12.461267322277408,7.986589830504343,-13.554093540957691,4.452325359902285,-0.9389548306765593,9.997133664276399,-8.54405143545487,-14.574465279096488,-3.6967055376068414,5.289624981708964,-1.1280478418251414,2.966548412432886,7.165860019563025,-2.5748782241452877,5.392190606363863,3.069273086025907,1.748203331335514,-2.188930423632089,-0.09113949759144552,-0.974048195155157,1.3872926220237516,4.258363484510379,0.8254016702825097,1.032026055851996
H260,5.961817395901299,26.828701346320834,5.34291447980806,-9.293793904842934,8.726551613039678,-1.380955201279666,-6.590211759675672,2.829853202537626,-0.2201358884008147,-4.797686657274943,-4.140288630222847,10.388941204906933,1.7438592954142893,10.527108132974686,17.46390555979356,-5.096395687308926,4.362066700651854,12.745650589050541,12.567470608104097,1.0781305778763914,17.55377199019517,-1.9234716709699888,-3.0343764747106636,-2.8024543601477463,4.680160468621861,1.6814159796293382,2.4253809408095344,-4.256605841610008,-1.696582445402396,-1.2231367311150154,0.0813708735545727,1.37099605046672,-2.857672103417179,-1.4477758460990509,1.6635321927418696,-1.5781837556436233,-0.36960567301094993
H261,15.483277751551746,32.257442519223176,2.1315215281512216,-10.181165216052921,11.07796584545547,1.2250335259841556,2.169472344901132,-0.25874117382470635,15.68673919542704,-10.905968910259432,3.3511933470470696,19.905378030271116,-10.108352122017132,-10.930459834871021,0.06640410850155846,0.49873059263797936,-14.542847496122853,-4.605346802028054,-14.324133001770752,0.4313307269874295,-1.4857727449397453,-1.9920338222059435,-1.5835787544582323,3.3266957472317578,-1.4998199343963696,-4.410758489562934,-1.1780095558583648,0.23962366198026572,-0.7669321206475918,0.05140096789469227,-0.7094861999223819,-0.8737251272551307,-1.1201781460576337,0.6285898765793034,0.9816891578644463,-0.7875456343778141,-0.6082741622508508
H262,47.90313464429283,-11.9945274032722,-16.750378927628407,-1.1073759653939712,20.548400706651677,-23.735120695035004,5.528487564638909,-3.801927132258241,7.609476556032815,-10.922127056637322,-9.19776758129336,-10.491680132427739,-3.1119719522773535,19.693151355479156,-10.206122861312176,-1.254856894455221,-8.722652742176853,-0.6864911438919351,1.3635051214059697,-1.5476759996293785,0.2626779011430409,-0.24145982906980223,3.261723178943908,0.3094254960500379,0.09841445746656419,1.2947196112879125,-0.7686607448944486,1.107764798286152,-0.8907455662380137,-1.733802050681626,-0.7847582115802821,-0.4534745864046511,-0.9827544099000991,0.3028129291289862,1.1657998738983684,0.02299675029372418,1.0651095519011138
H263,-21.27048331773381,-5.671462695786756,3.4273714569269877,-8.32209668607563,-0.5640288757596729,-10.776848139706564,-2.113062761672196,3.191794694389551,4.178030547488319,6.382831139058162,3.3523590187574075,0.05428584157970167,2.427131879063682,2.465501893141092,3.0084528533316055,1.5048184570985577,-1.1266090368966037,0.11135003399308574,-2.2315129383476284,-1.1936403070167283,-0.4596218750802406,3.4294402899320833,-1.7001254905522076,0.7033522876726347,-1.4310441516263053,0.3185358432210182,0.02150240936519632,-2.2945218694320006,-0.37071490285802705,1.1606807082179151,1.7498197578765429,0.6464596284141649,-0.6536815322355741,-2.820104680115415,-6.56388314498033,2.218575851718285,-0.5421645586750988
H264,-19.174004998033578,0.02628354578313449,3.5434114519758357,-12.17206936509137,0.838987358400264,-4.25581816905524,-6.311393876438652,1.9515234930567837,1.0933497165287034,1.6228005199406106,-1.6558563140913438,-2.260534589348355,1.4015420806703804,2.3039511740304275,3.6076235494998796,3.030597333474886,0.139169687906497,-0.23641746046316464,-2.3028130899619965,-0.7927948223665413,-3.7095265322205404,1.017096544085775,-1.261210212156203,0.08113884366662802,3.3516781818299513,-1.4633042256524307,1.3899130159008644,-1.8399894649938815,1.761434116114658,-1.9394168173310569,-1.1743822623495592,-0.9880377679824652,1.9286042557897074,0.24034117902011098,-3.622114692544797,2.4058687857827974,2.568164717630589
H265,-19.471851080803916,-2.4761988657421,3.70273781664865,-13.416130029402748,0.6391089479197535,-4.599234205138062,-2.1414379187053956,0.9951208389961326,6.853402434479322,1.78993376508254,2.677891636794817,-0.36401772839853325,2.0416765358194593,1.7530742951723648,0.4821046435254254,5.242066232719803,0.0881033401911604,-1.5940662678744404,1.2503226399701555,-1.5841960320587776,-3.1241805088054466,-1.4035808783477357,-1.3792326493311555,-0.5174433252220139,2.3689413195920412,2.3103381759004176,2.3125328002942003,-5.014043487502136,-1.7205200673130716,0.7455159044900904,-2.1960079635689396,-1.2227571632118444,3.032034690873084,-2.8301519201817085,-9.68965192185839,4.6735086953035365,19.159946937984916
H266,42.595818122233254,-7.003772141810408,-7.112902928767654,-8.818984820949943,26.200147659912776,5.426401727536247,-19.32714763628849,-20.540058605001178,-6.681805021894533,10.076382489646798,5.507513522472355,4.711347922290587,3.483556812752657,-6.382816995674085,-7.010153870124015,9.92551857521161,15.183311558275713,1.0797790078502703,-4.429831457560361,3.822008372312951,3.0702707205981388,1.3980858463899357,-0.521902654782529,-0.6766562905221757,-1.7753409770252047,0.3858787112887692,-2.802990293839046,2.3191038391812153,-0.8424616570708533,-1.8464292819026213,-0.7335543081064114,-0.8013716865715053,-0.6792545517864449,-1.012139256469561,1.1040351745533334,-0.40483429565262175,1.243772258958141
H267,-15.919443085535681,-2.7016972455666206,-3.2422844463711886,8.778459092762011,7.560577297246322,-5.354588923160757,-6.430818281756238,4.30424583084748,7.556888146623987,4.6921762043660715,1.9321588692061,-4.267990500823506,0.9770076674149029,-2.0354130002894344,3.2164580933836078,2.976646981450661,-0.8048166539075042,3.191646121386617,-0.14421099096914736,0.20192536780277803,-3.883516679502631,3.68657799290762,-1.7047027911512245,-1.9542911225472148,-2.664879788207001,-6.114634564335718,0.10721741422687299,-1.192496557711587,-2.860989615904107,-4.964964833215208,3.857538945641765,2.526781321825575,4.66226207390016,-0.22142783807258,-5.85750794592137,-5.316404345669939,-15.501368762404208
H268,-25.951502732076953,-2.7297496194978286,4.7100653365519225,-1.3655357728796425,1.9439278678711254,-4.099757572900489,-13.31217587860347,7.729483367981373,7.181010596584728,0.16196327492883786,-5.01281053860765,-6.108886530420292,-0.519009416814485,-3.9650267736813567,0.8962918039051964,2.2688871964005255,0.3727739566262614,-0.9901940271250201,0.38969559599004816,-1.3319619109028003,1.0457405868408725,2.0444835969363098,-2.0152846505599795,-0.5580125125355109,-1.7090554674812242,-4.138491045490077,-0.8839614266866247,-1.3876212023279546,0.12777241501560913,-4.176194456640305,2.5752307286358613,3.7215625464002975,1.7268190502330227,3.095524178257272,-0.43701140887188494,-0.9502436933329628,-2.0967193039842473
H269,-22.43664887466264,-3.8016088638345433,0.8182514473663036,0.35682145985220115,6.729759233849104,-2.5618774005711447,-9.734334208108875,6.936771537032252,9.327357152451091,0.7462036996554223,0.2222582806866828,-4.243640495296204,0.9539389330934971,-2.754450507014385,0.24513086190173644,3.301623278449294,-0.21854407968412193,-0.62071886918453,3.363206336397806,-0.009697872207482463,-1.759080751878931,1.3396101387741612,-0.22779679678574263,-2.115336645273175,-3.4679459840481313,-2.8366610557348877,1.7327561356210976,-5.616122110130742,-2.4111532551995576,-2.5925106445283017,-1.6187615571568912,2.1652084405212118,3.3623499057441686,1.5143669283193346,-5.172598578734365,-2.639100855521521,-4.83662606991803
H270,10.97969595166529,-8.69720038832348,16.854804323547704,-5.3564103168490655,1.0075459667202606,-1.7669687488651424,-5.626195526721532,0.47360248028742424,9.680902084641886,2.9311739340236493,4.13066415110018,-2.439706299936824,10.371509916312592,4.1331634809677755,-0.9606008130264877,0.38203693416786244,-2.3570397233101956,-6.082084093494919,-1.2420341783133086,6.419110122454743,1.2469433916006025,-4.8699513551133355,-6.158998307333444,0.8200401216476607,1.7778137407095636,1.9258013014490236,7.216724658921055,-0.5801010699594048,15.456736016430217,19.85552654307961,3.5638938988359428,-2.4640855203517003,1.7644135996638908,1.0706806867809786,6.194729687022122,3.7969768598815166,-6.32816002874656
